name,year,genre,adult,budget,c_box_office,c_profit,c_performance
Forrest Gump,1994,Family,no,55000000.0,678226465.0,12.331390272727273,great
American History X,1998,Action,yes,20000000.0,23875127.0,1.19375635,expected
Reservoir Dogs,1992,Mystery,yes,1200000.0,2913644.0,2.428036666666667,expected
Heat,1995,Action,yes,60000000.0,187436818.0,3.123946966666667,great
The Iron Giant,1999,Family,no,70000000.0,23335817.0,0.3333688142857143,bad
